{"CookieSPAEnabled":false,"CookieSameSiteNoneEnabled":false,"CookieV2CSPEnabled":false,"MultiVariantTestingEnabled":false,"UseV2":true,"MobileSDK":false,"SkipGeolocation":true,"ScriptType":"PRODUCTION","Version":"202502.1.0","OptanonDataJSON":"38a9fe71-2095-4244-89ab-e1ec32f37e79","GeolocationUrl":"https://geolocation.onetrust.com/cookieconsentpub/v1/geo/location","BulkDomainCheckUrl":"https://cookies-data.onetrust.io/bannersdk/v1/domaingroupcheck","RuleSet":[{"Id":"018f2f21-3bb2-7479-9b5d-3fa33b57606d","Name":"Global","Countries":["pr","ps","pw","py","qa","ad","ae","af","ag","ai","al","am","ao","aq","ar","as","au","aw","az","ba","bb","rs","bd","ru","bf","rw","bh","bi","bj","bl","bm","bn","bo","sa","sb","bq","br","sc","bs","sd","bt","sg","bv","bw","sh","by","sj","bz","sl","sn","so","ca","sr","cc","ss","st","cd","sv","cf","cg","ch","sx","sy","ci","sz","ck","cl","cm","cn","co","tc","cr","td","tf","cu","cv","tg","th","cw","cx","tj","tk","tl","tm","tn","to","tr","tt","tv","tw","tz","dj","dm","do","ua","ug","dz","um","ec","us","eg","eh","uy","uz","va","vc","er","ve","et","vg","vi","vn","vu","fj","fk","fm","fo","wf","ga","gb","ws","gd","ge","gg","gh","gi","gl","gm","gn","gq","gs","gt","gu","gw","gy","xk","hk","hm","hn","ht","ye","id","il","im","in","io","za","iq","ir","zm","je","zw","jm","jo","jp","ke","kg","kh","ki","km","kn","kp","kr","kw","ky","kz","la","lb","lc","lk","lr","ls","ly","ma","md","me","mg","mh","mk","ml","mm","mn","mo","mp","mr","ms","mu","mv","mw","mx","my","mz","na","nc","ne","nf","ng","ni","np","nr","nu","nz","om","pa","pe","pf","pg","ph","pk","pm","pn"],"States":{},"LanguageSwitcherPlaceholder":{"default":"en"},"BannerPushesDown":false,"Default":true,"Global":true,"Type":"GENERIC","UseGoogleVendors":false,"VariantEnabled":false,"TestEndTime":null,"Variants":[],"TemplateName":"SR NEW UI UPDATE","Conditions":[],"GCEnable":false,"IsGPPEnabled":false,"EnableJWTAuthForKnownUsers":false}],"IabData":{"cookieVersion":"1","createdTime":"2025-03-12T21:40:24.500171462","updatedTime":"2025-03-12T21:40:24.500179166","cmpId":"28","cmpVersion":"1","consentScreen":"1","consentLanguage":null,"vendorListVersion":0,"maxVendorId":0,"encodingType":"0","globalVendorListUrl":"https://cdn.cookielaw.org/vendorlist/iabData.json"},"IabV2Data":{"cookieVersion":"1","createdTime":"2025-03-12T21:40:24.598312235","updatedTime":"2025-03-12T21:40:24.598320556","cmpId":"28","cmpVersion":"1","consentScreen":"1","consentLanguage":null,"vendorListVersion":0,"maxVendorId":0,"encodingType":"0","globalVendorListUrl":"https://cdn.cookielaw.org/vendorlist/iab2Data.json"},"Iab2V2Data":{"cookieVersion":"1","createdTime":"2025-03-12T21:40:24.695539602","updatedTime":"2025-03-12T21:40:24.695552858","cmpId":"28","cmpVersion":"1","consentScreen":"1","consentLanguage":null,"vendorListVersion":0,"maxVendorId":0,"encodingType":"0","globalVendorListUrl":"https://cdn.cookielaw.org/vendorlist/iab2V2Data.json"},"GoogleData":{"vendorListVersion":18,"googleVendorListUrl":"https://cdn.cookielaw.org/vendorlist/googleData.json"},"ScriptDynamicLoadEnabled":false,"TenantFeatures":{"CookieV2BannerFocus":true,"CookieV2RejectAll":true,"CookieV2GPC":true,"CookieV2GeolocationJsonApi":true,"CookieV2TCF21":true,"CookieV2BannerLogo":true,"ConsentStoreConsentStrings":true,"CookieV2AssignTemplateRule":true,"MobileAuthenticatedConsents":true,"CookieV2GCMDMA":true,"CookieV2RemoveSettingsIcon":true,"CookieV2GeneralVendors":true,"CookieV2GPP":true},"IsSuppressBanner":true,"IsSuppressPC":false,"PublisherCC":"US","Domain":"shadyrays.com","TenantGuid":"86283bc9-f124-4d9e-adf9-3fc6ebacdb37","EnvId":"app-prod","RemoteActionsEnabled":false,"GeoRuleGroupName":"SR New Policy","GATrackToggle":true,"GATrackAssignedCategory":"AS","WebFormIntegrationEnabled":false,"WebFormSrcUrl":"","WebFormWorkerUrl":"","GppData":{"cmpId":"28"},"AuthenticatedConsent":false,"CDNLocation":"https://cdn.cookielaw.org","RootDomainConsentEnabled":false,"RootDomainUrl":"","LanguageDetectionEnabled":true,"LanguageDetectionByHtml":false,"DataLanguage":null,"DisclosureCDNUrl":"https://cdn.cookielaw.org/vendorlist/DeviceStorageDisclosureData"}